[Header],
FileFormatVersion,2
Investigator Name,ALS
Experiment Name,20260825-ALS-Training
InstrumentPlatform,NextSeq2000
AnalysisLocation,Local
,,
[Reads],
Read1Cycles,151
Read2Cycles,151
Index1Cycles,8
Index2Cycles,8
[Sequencing_Settings],
LibraryPrepKits,KAPAKAPAKAPAKameleon_1
,,
[BCLConvert_Settings],
AdapterRead1,AGATCGGAAGAGCACACGTCTGAACTCCAGTCA
AdapterRead2,AGATCGGAAGAGCGTCGTGTAGGGAAAGAGTGT
FastqCompressionFormat,gzip
NoLaneSplitting,FALSE
GenerateFastqcMetrics,FALSE
MinimumTrimmedReadLength,0
MaskShortReads,0
,,
[BCLConvert_Data],,
Sample_ID,Index,Index2
UDI-001,GTAACATC,CAGCGATT
UDI-002,AGGTAAGG,CACGATTC
UDI-003,ACAGGTAT,GCCACCAT
UDI-004,AATGTTCT,AGTCACCT
UDI-005,TCTGCAAG,TTCACCTT
UDI-006,CAGCGGTA,TGACTTGG
UDI-007,CGCCTTCC,GCGGACTT
UDI-008,CAATAGTC,CAGCTCAC
UDI-009,ATTATCAA,CGACTCTC
UDI-010,CCAACATT,GCTCTCTT
UDI-011,GCCTAGCC,TTGGTCTG
UDI-012,GACCAGGA,CTGGCTAT
UDI-013,CTGTAATC,AATTGCTT
UDI-014,ACTAAGAC,TTCCAGCT
UDI-015,TCGCTAGA,AGTACTGC
UDI-016,AACGCATT,GCAGGTTG
UDI-017,TGCTGCTG,GTCCTCAT
UDI-018,TATCTGCC,CCAACGCT
UDI-019,ATTCCTCT,GCGATATT
UDI-020,CAACTCTC,ATCTTCTC
UDI-021,GCCGTCGA,TTAATCAC
UDI-022,TATCCAGG,TCCACTTC
UDI-023,TAAGCACA,GACATTAA
UDI-024,GTCCACAG,CGCGAATA
UDI-025,ACACGATC,AATACCAT
UDI-026,GTATAACA,TGCTTCAC
UDI-027,TGTCGGAT,TCAGGCTT
UDI-028,AGGATCTA,GAACTTCG
UDI-029,AGCAATTC,CTGCTCCT
UDI-030,CCTATGCC,CAAGCTTA
UDI-031,AAGGATGT,CACTTCAT
UDI-032,TTGAGCCT,TCATTCGA
UDI-033,CACATCCT,GCTGCACT
UDI-034,TTCGCTGA,CGCATATT
UDI-035,CATGCTTA,ATGAATTA
UDI-036,AAGTAGAG,ATCGACTG
UDI-037,CATAGCGA,GACGGTTA
UDI-038,AGTTGCTT,TAGCATTG
UDI-039,GCACATCT,AACCTCTT
UDI-040,CCTACCAT,GCTTCCTA
UDI-041,TGCTCGAC,ATCCTTAA
UDI-042,CCAGTTAG,CCTGTCAT
UDI-043,TGTTCCGA,TTAGCCAG
UDI-044,GGTCCAGA,CGGTTCTT
UDI-045,TCGGAATG,CTACATTG
UDI-046,ATAGCGTC,TACTCCAG
UDI-047,AACTTGAC,GCTAGCAG
UDI-048,ATTCTAGG,TTCTTGGC
UDI-049,TTGAATAG,TCCATAAC
UDI-050,TCTGGCGA,AATTCAAC
UDI-051,TAATGAAC,CTTGGCTT
UDI-052,ATTATGTT,CTGTATTC
UDI-053,ATTGTCTG,TTCACAGA
UDI-054,GAAGAAGT,CTATTAGC
UDI-055,GACAGTAA,GCGATTAC
UDI-056,CCTTCGCA,CATCACTT
UDI-057,CATGATCG,TACTCTCC
UDI-058,TCCTTGGT,GAATCGAC
UDI-059,GTCATCTA,TCCAACCA
UDI-060,GAACCTAG,CTGGTATT
UDI-061,CAGCAAGG,CCTCTAAC
UDI-062,CGTTACCA,GAACGCTA
UDI-063,TCCAGCAA,AATTGGCC
UDI-064,CAGGAGCC,GTCCAATC
UDI-065,TTACGCAC,GACCATCT
UDI-066,AGGTTATC,ATCATACC
UDI-067,TCGCCTTG,GCTGATTC
UDI-068,CCAGAGCT,CGAACTTC
UDI-069,TACTTAGC,AGGTACCA
UDI-070,GTCTGATG,ATATCCGA
UDI-071,TCTCGGTC,CTGACATC
UDI-072,AAGACACT,TGACAGCA
UDI-073,CTACCAGG,CAACTGAT
UDI-074,ACTGTATC,TGCTATTA
UDI-075,CTGTGGCG,CACTAGCC
UDI-076,TGTAATCA,AATCTCCA
UDI-077,TTATATCT,GTCTGCAC
UDI-078,GCCGCAAC,TCATGTCT
UDI-079,TGTAACTC,CGACAGTT
UDI-080,CTGCGGAT,GGTTATCT
S002-Menstrual,GACCGTTG,CCATCACA
S017-Vaginal,AACAATGG,TAGTTAGC
UDI-083,AGGTGCGA,CTTCTGGC
S019-Nose,AGGTCGCA,GCACAATT
S019-Vaginal,ACCAACTG,GGCAATAC
S020-Menstrual,TGCAAGTA,CCAACTAA
S020-Nose,GACCTAAC,GCTCACCA
S020-Buccal,AGCATGGA,AGCGCTAA
S020-Sweat,ACAGTTGA,GCTCCGAT
UDI-090,TTGTCTAT,CTTGAATC
UDI-091,CGCTATGT,TCCGCATA
UDI-092,TTAATCAG,CCAATCTG
UDI-093,CTATGCGT,GAATATCA
UDI-094,GATATCCA,GGATTAAC
UDI-095,GAAGGAAG,CATCCTGG
UDI-096,CTAACTCG,TATGGTTC

